 
 --D
 INSERT INTO PurchaseHeader VALUES
('PH001','MS007','MV005','2022-05-21'),
('PH002','MS004','MV003','2022-03-18'),
('PH003','MS003','MV001','2022-11-23'),
('PH004','MS010','MV009','2022-09-17'),
('PH005','MS001','MV001','2022-02-26'),
('PH006','MS006','MV005','2022-01-12'),
('PH007','MS003','MV009','2022-04-20'),
('PH008','MS001','MV004','2022-05-19'),
('PH009','MS003','MV004','2022-05-25'),
('PH010','MS002','MV002','2022-05-23'),
('PH011','MS003','MV002','2022-02-22'),
('PH012','MS005','MV003','2022-03-17'),
('PH013','MS007','MV004','2022-07-09'),
('PH014','MS001','MV001','2022-08-20'),
('PH015','MS004','MV006','2022-09-20'),
('PH016','MS006','MV002','2022-09-28'),
('PH017','MS008','MV007','2022-10-10'),
('PH018','MS001','MV008','2022-10-21'),
('PH019','MS003','MV003','2022-11-04'),
('PH020','MS003','MV010','2022-11-12'),
('PH021','MS005','MV004','2022-05-23')

INSERT INTO SalesHeader VALUES
('SH001','MS002','MC002','2022-11-12'),
('SH002','MS004','MC004','2022-11-04'),
('SH003','MS005','MC006','2022-10-21'),
('SH004','MS001','MC001','2022-10-10'),
('SH005','MS006','MC005','2022-09-28'),
('SH006','MS002','MC002','2022-09-20'),
('SH007','MS006','MC008','2022-08-20'),
('SH008','MS003','MC004','2022-07-09'),
('SH009','MS009','MC006','2022-03-17'),
('SH010','MS008','MC002','2022-02-22'),
('SH011','MS010','MC007','2022-05-23'),
('SH012','MS010','MC009','2022-05-25'),
('SH013','MS002','MC001','2022-05-19'),
('SH014','MS003','MC002','2022-04-20'),
('SH015','MS001','MC005','2022-01-12'),
('SH016','MS005','MC001','2022-02-26'),
('SH017','MS007','MC002','2022-09-17'),
('SH018','MS002','MC010','2022-11-23'),
('SH019','MS006','MC007','2022-03-18'),
('SH020','MS003','MC006','2022-05-21')

INSERT INTO PurchaseDetail VALUES
('PH001','MJ001',23),
('PH001','MJ002',54),
('PH002','MJ004',10),
('PH002','MJ008',84),
('PH003','MJ005',43),
('PH004','MJ003',64),
('PH004','MJ008',34),
('PH005','MJ004',57),
('PH005','MJ007',43),
('PH006','MJ001',95),
('PH006','MJ005',55),
('PH007','MJ008',11),
('PH008','MJ003',14),
('PH009','MJ002',5),
('PH010','MJ008',55),
('PH011','MJ001',34),
('PH012','MJ004',61),
('PH013','MJ006',42),
('PH014','MJ002',93),
('PH015','MJ009',14),
('PH016','MJ003',52),
('PH017','MJ010',49),
('PH018','MJ003',97),
('PH019','MJ006',51),
('PH020','MJ004',54)

INSERT INTO SalesDetail VALUES
('SH001', 'MJ008', 20),
('SH002', 'MJ001', 34),
('SH002', 'MJ005', 89),
('SH003', 'MJ001', 10),
('SH004', 'MJ005', 50),
('SH005', 'MJ010', 15),
('SH005', 'MJ007', 33),
('SH006', 'MJ004', 30),
('SH007', 'MJ003', 10),
('SH008', 'MJ006', 45),
('SH009', 'MJ007', 25),
('SH010', 'MJ007', 30),
('SH011', 'MJ005', 70),
('SH011', 'MJ001', 28),
('SH012', 'MJ002', 80),
('SH013', 'MJ009', 66),
('SH014', 'MJ008', 59),
('SH015', 'MJ002', 91),
('SH016', 'MJ010', 46),
('SH017', 'MJ001', 25),
('SH017', 'MJ004', 72),
('SH018', 'MJ003', 40),
('SH018', 'MJ008', 18),
('SH019', 'MJ010', 36),
('SH020', 'MJ004', 70)
